{"R": 122.48380146213108, "G": 114.24963864474826, "B": 101.37497510036893}