{"val_loss": [4.982685089111328, 4.370448112487793, 3.96321702003479, 3.7864415645599365, 3.8240249156951904, 3.669558525085449, 4.030817985534668, 3.39668607711792, 3.868553638458252, 3.595767021179199, 3.566957950592041, 3.2564380168914795, 3.5869178771972656, 3.3724231719970703, 3.211043357849121, 3.6945950984954834, 2.8376924991607666, 3.252633571624756, 2.797847032546997, 3.5519092082977295, 3.1794068813323975, 3.2936487197875977, 3.099334716796875, 2.8081114292144775, 3.306384563446045, 2.9900565147399902, 2.9549081325531006, 3.3784210681915283, 2.9617760181427, 3.150622606277466, 3.2408299446105957, 3.4488139152526855, 3.218303680419922, 3.221780300140381, 3.5317041873931885, 3.5419585704803467, 2.9475057125091553, 3.4222540855407715, 3.054330587387085, 3.3381803035736084, 2.4917054176330566, 3.028427839279175, 2.421154260635376, 2.1350646018981934, 2.6929917335510254, 2.42634916305542, 2.599557638168335, 2.1384921073913574, 2.664804220199585, 2.8055176734924316, 3.025761604309082, 2.5244202613830566, 2.5772476196289062, 2.5135040283203125, 2.6231610774993896, 2.4772374629974365, 1.9599987268447876, 2.475910186767578, 2.2408013343811035, 2.4632790088653564, 2.310002326965332, 2.5367014408111572, 2.327070474624634, 1.7075191736221313, 2.3918893337249756, 2.3117096424102783, 2.523113965988159, 2.2206225395202637, 2.676034927368164, 2.634876251220703, 3.0489554405212402, 2.2543137073516846, 2.4516615867614746, 2.401862144470215, 2.4573071002960205, 2.4849376678466797, 1.8785953521728516, 2.5422823429107666, 2.2198214530944824, 2.4428770542144775, 2.1245996952056885, 2.7170581817626953, 2.3130369186401367, 1.8957653045654297, 2.501492738723755, 2.3067946434020996, 2.1986823081970215, 2.2083685398101807, 2.692406177520752, 2.5502827167510986, 2.402766704559326, 2.703732490539551, 2.1694998741149902, 1.6747500896453857, 2.264500141143799, 2.3124423027038574, 2.31280517578125, 2.007948875427246, 2.5307669639587402, 2.3855817317962646], "val_accuracy": [0.11157852411270142, 0.1582125574350357, 0.20078502595424652, 0.2139694094657898, 0.24033816158771515, 0.28109902143478394, 0.2646940350532532, 0.29196861386299133, 0.3215579688549042, 0.32256442308425903, 0.33021336793899536, 0.3457125723361969, 0.34470611810684204, 0.3650362193584442, 0.3782206177711487, 0.3763083815574646, 0.38164252042770386, 0.3913043439388275, 0.37922704219818115, 0.3884863257408142, 0.3841586112976074, 0.4067029058933258, 0.4123389720916748, 0.3969404101371765, 0.3951288163661957, 0.3999597430229187, 0.41455313563346863, 0.4158615171909332, 0.40831321477890015, 0.4090177118778229, 0.4159621596336365, 0.42069244384765625, 0.4144524931907654, 0.3986513614654541, 0.4211956560611725, 0.41807568073272705, 0.42330917716026306, 0.4138486385345459, 0.43800321221351624, 0.4133453965187073, 0.5011017918586731, 0.5140901803970337, 0.5196256041526794, 0.5192230343818665, 0.5192230343818665, 0.5277777910232544, 0.5246577858924866, 0.5274758338928223, 0.5275765061378479, 0.5256642699241638, 0.5281803607940674, 0.5324074029922485, 0.5299919247627258, 0.5287842154502869, 0.528683602809906, 0.5295893549919128, 0.5271739363670349, 0.5285829305648804, 0.5307971239089966, 0.5281803607940674, 0.532151460647583, 0.5273752212524414, 0.5276771187782288, 0.5311996936798096, 0.5266706943511963, 0.5343196392059326, 0.5304951667785645, 0.5283816456794739, 0.521336555480957, 0.5316022634506226, 0.5305958390235901, 0.5335144996643066, 0.5282809734344482, 0.5279790759086609, 0.5335144996643066, 0.5275765061378479, 0.5296900272369385, 0.5263687372207642, 0.5315015912055969, 0.5317028760910034, 0.5334535241127014, 0.5376409292221069, 0.5416666865348816, 0.5360305905342102, 0.5416666865348816, 0.5382447838783264, 0.5396537780761719, 0.5417672991752625, 0.5350241661071777, 0.5418679714202881, 0.5397636294364929, 0.5384460687637329, 0.5368357300758362, 0.5362318754196167, 0.5426731109619141, 0.5396537780761719, 0.5391505360603333, 0.5393518805503845, 0.541163444519043, 0.5378422141075134], "loss": [5.7317358955719735, 4.6499056725331505, 4.210226925342792, 3.9783945751241085, 3.834677217694242, 3.7182508717014193, 3.6227824191270064, 3.5445524808075732, 3.467993486565938, 3.402724066571268, 3.349405321653278, 3.3050880558103497, 3.262040695077774, 3.224699463332766, 3.190130763918326, 3.1583015636243212, 3.1340857767333468, 3.112409225542591, 3.0941081821992715, 3.0733691529221563, 3.0554015674194055, 3.038290541911333, 3.0237799420345723, 3.022521544936458, 3.0025482134046215, 2.9847186310311224, 2.983821084715255, 2.9746473031501246, 2.957989239179458, 2.9578103671356404, 2.9469950154590725, 2.938606581554742, 2.930063730965007, 2.919231705427212, 2.9166249092141414, 2.903478030780099, 2.903164818371303, 2.8966854477963655, 2.8916615215702595, 2.8841800124720307, 2.565518450770914, 2.4293299561568245, 2.3636137915980964, 2.309709145449761, 2.2684660094888414, 2.237050520060983, 2.1985577915809564, 2.17220964751577, 2.1493282757753835, 2.123864937795691, 2.091824415463439, 2.077765853967855, 2.055624503360654, 2.0392469375970377, 2.018179151272142, 1.998713145135582, 1.980403849311283, 1.966851088186745, 1.9514079022462671, 1.9269423158201453, 1.9185737799614626, 1.9007919380576177, 1.8919616603295673, 1.8719576444199153, 1.8659899259796984, 1.8476120871043549, 1.8391869216600658, 1.8274187944555087, 1.8119031219926938, 1.802095072270712, 1.789215472367624, 1.781855267957529, 1.7727060296361163, 1.7570385473454428, 1.749622317580773, 1.742372500856159, 1.7230825292917784, 1.7210793692199091, 1.7160701684904276, 1.7053329762859375, 1.6481253040973018, 1.6266717049728145, 1.620333415251825, 1.6172632157452653, 1.6050163295913307, 1.6022403263956642, 1.59940712057681, 1.5990462637185159, 1.598713309288534, 1.588610936506981, 1.5896209505509855, 1.5820170309678916, 1.58466194168441, 1.5749819672122543, 1.5725012961029476, 1.5718356729020344, 1.5779247276300723, 1.5665535786316882, 1.5694042249223004, 1.5648042622929133], "accuracy": [0.07203502953052521, 0.14664873480796814, 0.1920921504497528, 0.22712817788124084, 0.2559041976928711, 0.2812444269657135, 0.30096957087516785, 0.31656956672668457, 0.3327699601650238, 0.34612390398979187, 0.35766544938087463, 0.3664494752883911, 0.37626758217811584, 0.3830724060535431, 0.39148950576782227, 0.39713796973228455, 0.4035980999469757, 0.4065224230289459, 0.41247108578681946, 0.4181973934173584, 0.4227895438671112, 0.42707034945487976, 0.42837128043174744, 0.4299168288707733, 0.4343533217906952, 0.43837839365005493, 0.43902331590652466, 0.4420921504497528, 0.44504982233047485, 0.4459282159805298, 0.44770726561546326, 0.45085394382476807, 0.4521993398666382, 0.456068754196167, 0.4565579891204834, 0.46012720465660095, 0.4598492383956909, 0.45927104353904724, 0.461850643157959, 0.4631071090698242, 0.5303831696510315, 0.5574853420257568, 0.5675702691078186, 0.576287567615509, 0.5841376185417175, 0.5878291130065918, 0.5952677726745605, 0.5968355536460876, 0.5997820496559143, 0.6030288338661194, 0.6080324053764343, 0.6107231974601746, 0.6142256855964661, 0.6148260831832886, 0.6204301118850708, 0.6224648356437683, 0.6243662238121033, 0.627457320690155, 0.6288360357284546, 0.6326943635940552, 0.6326569318771362, 0.6346179246902466, 0.6358076930046082, 0.6391878724098206, 0.6403775811195374, 0.6449030637741089, 0.6442692875862122, 0.6452699899673462, 0.6486390233039856, 0.6509406566619873, 0.6516300439834595, 0.6514410376548767, 0.6540206074714661, 0.6571228504180908, 0.658579409122467, 0.6599359512329102, 0.662582278251648, 0.66192626953125, 0.6628268957138062, 0.6643946766853333, 0.6785428524017334, 0.684609055519104, 0.6851872205734253, 0.6850982904434204, 0.6880336999893188, 0.6892123222351074, 0.6913138031959534, 0.6909246444702148, 0.6909802556037903, 0.692281186580658, 0.6936010718345642, 0.6949608325958252, 0.6938378214836121, 0.6950275897979736, 0.6964063048362732, 0.6954612135887146, 0.695172131061554, 0.6975293755531311, 0.6957502961158752, 0.6972847580909729]}